y_true,risk_proba,split
0,0.2592762802153851,train_cv
1,0.7634932665899143,train_cv
1,0.7900614057558157,train_cv
0,0.24514259340574895,train_cv
1,0.7495165580788024,train_cv
0,0.2230144044166288,train_cv
0,0.23759484714843138,train_cv
1,0.7387060520102295,train_cv
1,0.7564744362684229,train_cv
0,0.22027661351032068,train_cv
0,0.23021232496135846,train_cv
1,0.7776219520078204,train_cv
0,0.19357208058917133,test
1,0.8063550043635809,test
0,0.2042722541624979,test
